,City,Documents,count,lat,lng
0,"Arlington, Texas","Speech--""Strategies for Change"" The Texas Regional Conference on Alternative Policies, Arlington, Texas, 1978 February 4",1,32.6998,-97.125
1,"Atlanta, Georgia","Speech about the roles of black students in addressing the multiplicity of afflictions affecting the black community, Morehouse College, Atlanta, Georgia, 1972 March 9 | Speech concerning Atlanta, Georgia and stability, [1971] (Doc 1 of 3) | Speech concerning Atlanta, Georgia and stability, [1971] (Doc 2 of 3) | Speech concerning Atlanta, Georgia and stability, [1971] (Doc 3 of 3) | Speech--""What's Next?"" before the Psychiatric Association Conference, Atlanta, Georgia, 1978 May 10 | Speech at the Hungry Club Forum, Atlanta, Georgia, on what the elections mean for Americans, 1976 November 3 (1 of 2) | Speech at the Hungry Club Forum, Atlanta, Georgia, on what the elections mean for Americans, 1976 November 3 (2 of 2) | Remarks prepared for The Stadium Club and the West End Rotary Club, Atlanta, Georgia, concerning the future of South Africa, 1976 December 10 (1 of 4) | Remarks prepared for The Stadium Club and the West End Rotary Club, Atlanta, Georgia, concerning the future of South Africa, 1976 December 10 (2 of 4) | (Handwritten Draft) Remarks prepared for The Stadium Club and the West End Rotary Club, Atlanta, Georgia, concerning the future of South Africa, 1976 December 10 (3 of 4) | Speech concerning the debate over the Supreme Court case Bakke v Regents and affirmative action, given at Paschal's Motor Hotel, Atlanta, Georgia, 1977 November 29 (1 of 5) | Speech concerning the debate over the Supreme Court case Bakke v Regents and affirmative action, given at Paschal's Motor Hotel, Atlanta, Georgia, 1977 November 29 (2 of 5) | Speech concerning the debate over the Supreme Court case Bakke v Regents and affirmative action, given at Paschal's Motor Hotel, Atlanta, Georgia, 1977 November 29 (3 of 5) | Speech concerning the debate over the Supreme Court case Bakke v Regents and affirmative action, given at Paschal's Motor Hotel, Atlanta, Georgia, 1977 November 29 (5 of 5) | (Draft) Remarks prepared for the Annual Banquet, Laymen's Department, the Progressive National Baptist Convention, Inc., at the Peachtree Plaza Hotel, Atlanta, Georgia, 1977 August 9 (1 of 3) | Remarks prepared for the Annual Banquet, Laymen's Department, the Progressive National Baptist Convention, Inc., at the Peachtree Plaza Hotel, Atlanta, Georgia, 1977 August 9 (2 of 3) | Remarks based on those prepared for the Annual Banquet, Laymen's Department, the Progressive National Baptist Convention, Inc., at the Peachtree Plaza Hotel, Atlanta, Georgia, 1979  (3 of 3) | Remarks concerning Southern economic conditions before The Southern Rural Policy Conference, Atlanta, Georgia, 1977 January 7 (1 of 3) | Remarks concerning Southern economic conditions before The Southern Rural Policy Conference, Atlanta, Georgia, 1977 January 7 (3 of 3) | Remarks prepared for The National Council of Black Child Development, Atlanta, Georgia, 1975 June 26 (1 of 3) | (Draft) Remarks prepared for The National Council of Black Child Development, Atlanta, Georgia, 1975 June 26 (2 of 3) | Testimony before the Commission on Delegate Selection and Party Structure, Atlanta, Georgia, 1973 July 20 (1 of 3) | Testimony before the Commission on Delegate Selection and Party Structure, Atlanta, Georgia, 1973 July 20 (2 of 3) | Testimony before the Commission on Delegate Selection and Party Structure, Atlanta, Georgia, 1973 July 20 (3 of 3) | Speech made before the Hungry Club [Forum, Atlanta, Georgia]",25,33.7628,-84.422
2,"Atlantic City, New Jersey","Speech given at the Philadelphia Bar Association's Friday luncheon of the Bench-Bar Conference in Atlantic City, New Jersey on Black Americans and Marginal Citizenship, 1970 September",1,39.3797,-74.4527
3,"Baltimore, Maryland","Commencement Address at Morgan State University, Baltimore, Maryland 1971",1,39.3051,-76.6144
4,"Birmingham, Alabama","Speech concerning opposition to the War in Southeast Asia, at the Angela Davis Rally, Miles College, Birmingham, Alabama, 1971 March 19 (Doc 1 of 2) | Speech concerning opposition to the War in Southeast Asia, at the Angela Davis Rally, Miles College, Birmingham, Alabama, 1971 March 19 (Doc 2 of 2)",2,33.5279,-86.7971
5,"Charlotte, North Carolina","Speech prepared for Black Democrats Conference, Charlotte, North Carolina-- ""A Last-Minute Strategy for Black Democrats"", 1976 April (1 of 3) | Speech prepared for Black Democrats Conference, Charlotte, North Carolina-- ""A Last-Minute Strategy for Black Democrats"", 1976 April (2 of 3)",2,35.2083,-80.8303
6,"Chicago, Illinois","Speech concerning the 1972 Presidential Election and what it meant for the voters, Chicago, Illinois, 1973 November 15",1,41.8375,-87.6866
7,"Cleveland, Ohio","Remarks prepared for Morehouse College Alumni Association Meeting, Cleveland, Ohio, 1975 August 30 (1 of 3) | Remarks prepared for Morehouse College Alumni Association Meeting, Cleveland, Ohio, 1975 August 30 (2 of 3) | Remarks prepared for Morehouse College Alumni Association Meeting, Cleveland, Ohio, 1975 August 30 (3 of 3)",3,41.4764,-81.6805
8,"Greensboro, North Carolina","Remarks to the Triad Sickle Cell Anemia Foundation, Greensboro, North Carolina, 1979 September 16",1,36.0956,-79.8271
9,"Houston, Texas","Speech delivered at the NAACP Convention, George Brown Convention Center, Houston, Texas, 2002 July 7 | Remarks prepared for the National Student's Association, Houston, Texas, concerning the impact of student involvement, 1977 August 15 (1 of 2) | (Draft) Remarks prepared for the National Student's Association, Houston, Texas, concerning the impact of student involvement, 1977 August 15 (2 of 2) | Press release for: Remarks prepared for the National Student's Association, Houston, Texas, concerning the impact of student involvement, 1977 August 15",4,29.786,-95.3885
10,"Jackson, Mississippi","Speech for Project Media, Jackson, Mississippi, 1975 September 19 (1 of 2) | Speech for Project Media, Jackson, Mississippi, 1975 September 19 (2 of 2)",2,32.3157,-90.2125
11,"Kansas City, Missouri","Speech at the National Urban League Meeting, Kansas City, Missouri, 1974 March 29 (1 of 2) | Speech at the National Urban League Meeting, Kansas City, Missouri, 1974 March 29 (2 of 2)",2,39.1238,-94.5541
12,"Los Angeles, California","Remarks prepared for delivery at the Marriott Motor Hotel, Los Angeles, California, concerning the Meharry Medical College, Nashville, Tennessee, 1976 December 11 | Speech concerning black gains as a family affair, Los Angeles, California, 1975 November 18",2,34.1141,-118.4068
13,"Macon, Georgia","Remarks prepared for delivery at the 35th Georgia NAACP Convention, Macon Hilton, Macon, Georgia, concerning the future of black Georgians, 1977 November 12",1,32.8065,-83.6974
14,"Montgomery, Alabama","Speech at the dedication of the Southern Poverty Law Center Civil Rights Memorial, Montgomery, Alabama, 5 Nov 1989",1,32.3482,-86.2668
15,"New Orleans, Louisiana","Speech about the upcoming presidential election, in [New Orleans, Louisiana?], 1972 October 5 (Doc 3 of 4) | (Draft) Speech about the upcoming presidential election, in [New Orleans, Louisiana?], 1972 October 5 (Doc 2 of 4) | (Draft) Speech about the upcoming presidential election, in [New Orleans, Louisiana?], 1972 October 5 (Doc 1 of 4) | Speech concerning Flags as Powerful Symbols before the Southern Historical Association, New Orleans, Louisiana, 1995 November 10 | Remarks concerning a Black Presidential Candidate, prepared for delivery to the National Association of Black Journalists, The Fairmont Hotel, New Orleans, Louisiana, concerning a black presidential candidate, 1983 September 8",5,30.0687,-89.9288
16,"Pittsburgh, Pennsylvania","Speech concerning the challenges facing black attorneys presented to the Black American Law Students Association (BALSA), Duquesne Chapter, Pittsburgh, Pennsylvania, 1977 May 27 (1 of 2) | (Draft) Speech concerning the challenges facing black attorneys presented to the Black American Law Students Association (BALSA), Duquesne Chapter, Pittsburgh, Pennsylvania, 1977 May 27 (2 of 2)",2,40.4397,-79.9763
17,"Ruleville, Mississippi","Tribute to Mrs. Fannie Lou Hamer delivered at her memorial service, Ruleville, Mississippi, 1977 March 20",1,33.7245,-90.55
18,"Sanford, Florida","Speech concerning political action, black people in Florida and the Presidential Primary elections, at Sanford, Florida, 1972 January 4 (Doc 2 of 2) | Speech concerning political action, black people in Florida and the Presidential Primary elections, at Sanford, Florida, 1972 January 4 (Doc 1 of 2)",2,28.7891,-81.2757
19,"Seattle, Washington","Remarks delivered to National Drug Abuse Conference 1978, Seattle, Washington, and with some revision to the Minnesota Social Service Association, Duluth, Minnesota, on April 9, 1978, 1978 April 5, 9",1,47.6211,-122.3244
20,"St. Louis, Missouri","Speech at National Urban League, St. Louis, Missouri, August 2 1972 | Written Draft, Speech at National Urban League, St. Louis, Missouri, August 2 1972",2,38.6359,-90.2451
